{
    "fields":[
    {
              "name" : "account_privacy",
              "label" : "Andere Nutzer können von mir sehen:",
              "type" : "switch",
              "data_type" : "boolean",
              "options" : {
                "values" : [
                            { "name" : "Vollständiges Profil", "value" : "all_users" },
                            { "name" : "Limitiertes Profil",  "value" : "private" }
                 ]
              },
              "instructions" : "Im limitierten Profil sind nur Nutzername und Profilbild für andere sichtbar.",
              "accessibility_hint" : "Bearbeiten Sie Ihre Informationen"
    },
    {
              "name" : "country",
              "label" : "Standort",
              "type" : "select",
              "data_type" : "country",
              "options" : {
                "reference" : "countries",
                "allows_none" : true,
                "none_label" : "Kein Standort"
              }
    },
    {
              "name" : "language_proficiencies",
              "label" : "Gesprochene Sprache",
              "type" : "select",
              "data_type" : "language",
              "options" : {
                "reference" : "languages",
                "allows_none" : true,
                "none_label" : "Keine gesprochene Sprache"
              }
    },
    {
              "name" : "bio",
              "label" : "Über mich",
              "type" : "textarea",
              "placeholder" : "Ich möchte gerne lernen..."
    }
    ]
}
