[
    {
        "name": "Architecture",
        "image_name": "architecture",
        "filter": "Architecture",
        "type": "normal"
    },
    {
        "name": "Art & Culture",
        "image_name": "art",
        "filter": "Art & Culture",
        "type": "normal"
    },
    {
        "name": "Biologie & Sciences de la Vie",
        "image_name": "biology",
        "filter": "Biology & Life Sciences",
        "type": "normal"
    },
    {
        "name": "Business & Management",
        "image_name": "business",
        "filter": "Business & Management",
        "type": "popular"
    },
    {
        "name": "Chimie",
        "image_name": "chemistry",
        "filter": "Chemistry",
        "type": "normal"
    },
    {
        "name": "Communication",
        "image_name": "communication",
        "filter": "Communication",
        "type": "normal"
    },
    {
        "name": "Informatique",
        "image_name": "computer_science",
        "filter": "Computer Science",
        "type": "popular"
    },
    {
        "name": "Analyse de données & Statistiques",
        "image_name": "data_science",
        "filter": "Data Analysis & Statistics",
        "type": "popular"
    },
    {
        "name": "Design",
        "image_name": "design",
        "filter": "Design",
        "type": "normal"
    },
    {
        "name": "Économie & Finance",
        "image_name": "economics_finance",
        "filter": "Economics & Finance",
        "type": "normal"
    },
    {
        "name": "Education & Teacher Training",
        "image_name": "education",
        "filter": "Education & Teacher Training",
        "type": "normal"
    },
    {
        "name": "Électronique ",
        "image_name": "electronics",
        "filter": "Electronics",
        "type": "normal"
    },
    {
        "name": "Energy & Earth Sciences",
        "image_name": "energy",
        "filter": "Energy & Earth Sciences",
        "type": "normal"
    },
    {
        "name": "Ingénierie",
        "image_name": "engineering",
        "filter": "Engineering",
        "type": "normal"
    },
    {
        "name": "Études environnementales",
        "image_name": "environmental_studies",
        "filter": "Environmental Studies",
        "type": "normal"
    },
    {
        "name": "Éthique",
        "image_name": "ethics",
        "filter": "Ethics",
        "type": "normal"
    },
    {
        "name": "Alimentation & Nutrition",
        "image_name": "food_nutrition",
        "filter": "Food & Nutrition",
        "type": "normal"
    },
    {
        "name": "Santé & Sécurité",
        "image_name": "health",
        "filter": "Health & Safety",
        "type": "normal"
    },
    {
        "name": "Histoire",
        "image_name": "history",
        "filter": "History",
        "type": "normal"
    },
    {
        "name": "Humanités",
        "image_name": "humanities",
        "filter": "Humanities",
        "type": "popular"
    },
    {
        "name": "Langue",
        "image_name": "language",
        "filter": "Language",
        "type": "popular"
    },
    {
        "name": "Droit",
        "image_name": "law",
        "filter": "Law",
        "type": "normal"
    },
    {
        "name": "Littérature",
        "image_name": "literature",
        "filter": "Literature",
        "type": "normal"
    },
    {
        "name": "Mathématique",
        "image_name": "math",
        "filter": "Math",
        "type": "normal"
    },
    {
        "name": "Médecine",
        "image_name": "medicine",
        "filter": "Medicine",
        "type": "normal"
    },
    {
        "name": "Musique",
        "image_name": "music",
        "filter": "Music",
        "type": "normal"
    },
    {
        "name": "Philosophie & Éthique ",
        "image_name": "philosophy_ethics",
        "filter": "Philosophy & Ethics",
        "type": "normal"
    },
    {
        "name": "Physique",
        "image_name": "physics",
        "filter": "Physics",
        "type": "normal"
    },
    {
        "name": "Science",
        "image_name": "science",
        "filter": "Science",
        "type": "normal"
    },
    {
        "name": "Sciences sociales",
        "image_name": "social_sciences",
        "filter": "Social Sciences",
        "type": "normal"
    }
]
