{
    "fields":[
    {
              "name" : "account_privacy",
              "label" : "他の受講者が見ることができるのは：",
              "type" : "switch",
              "data_type" : "boolean",
              "options" : {
                "values" : [
                            { "name" : "全プロフィール", "value" : "all_users" },
                            { "name" : "限定プロフィール",  "value" : "private" }
                 ]
              },
              "instructions" : "限定プロフィールではあなたのユーザー名およびプロフィール写真のみ公開されます。",
              "accessibility_hint" : "他の人に公開する情報を変更"
    },
    {
              "name" : "country",
              "label" : "現在地",
              "type" : "select",
              "data_type" : "country",
              "options" : {
                "reference" : "countries",
                "allows_none" : true,
                "none_label" : "現在地なし"
              }
    },
    {
              "name" : "language_proficiencies",
              "label" : "口頭言語",
              "type" : "select",
              "data_type" : "language",
              "options" : {
                "reference" : "languages",
                "allows_none" : true,
                "none_label" : "口頭言語なし"
              }
    },
    {
              "name" : "bio",
              "label" : "自己紹介",
              "type" : "textarea",
              "placeholder" : "私が学びたいのは…"
    }
    ]
}
