[
  {
    "name": "Architecture",
    "image_name": "architecture",
    "filter": "Architecture",
    "type": "normal"
  },
  {
    "name": "Art & Culture",
    "image_name": "art",
    "filter": "Art & Culture",
    "type": "normal"
  },
  {
    "name": "Biology & Life Sciences",
    "image_name": "biology",
    "filter": "Biology & Life Sciences",
    "type": "normal"
  },
  {
    "name": "Business & Management",
    "image_name": "business",
    "filter": "Business & Management",
    "type": "popular"
  },
  {
    "name": "Chemistry",
    "image_name": "chemistry",
    "filter": "Chemistry",
    "type": "normal"
  },
  {
    "name": "Communication",
    "image_name": "communication",
    "filter": "Communication",
    "type": "normal"
  },
  {
    "name": "Computer Science",
    "image_name": "computer_science",
    "filter": "Computer Science",
    "type": "popular"
  },
  {
    "name": "Data Analysis & Statistics",
    "image_name": "data_science",
    "filter": "Data Analysis & Statistics",
    "type": "popular"
  },
  {
    "name": "Design",
    "image_name": "design",
    "filter": "Design",
    "type": "normal"
  },
  {
    "name": "Economics & Finance",
    "image_name": "economics_finance",
    "filter": "Economics & Finance",
    "type": "normal"
  },
  {
    "name": "Education & Teacher Training",
    "image_name": "education",
    "filter": "Education & Teacher Training",
    "type": "normal"
  },
  {
    "name": "Electronics",
    "image_name": "electronics",
    "filter": "Electronics",
    "type": "normal"
  },
  {
    "name": "Energy & Earth Sciences",
    "image_name": "energy",
    "filter": "Energy & Earth Sciences",
    "type": "normal"
  },
  {
    "name": "Engineering",
    "image_name": "engineering",
    "filter": "Engineering",
    "type": "normal"
  },
  {
    "name": "Environmental Studies",
    "image_name": "environmental_studies",
    "filter": "Environmental Studies",
    "type": "normal"
  },
  {
    "name": "Ethics",
    "image_name": "ethics",
    "filter": "Ethics",
    "type": "normal"
  },
  {
    "name": "Food & Nutrition",
    "image_name": "food_nutrition",
    "filter": "Food & Nutrition",
    "type": "normal"
  },
  {
    "name": "Health & Safety",
    "image_name": "health",
    "filter": "Health & Safety",
    "type": "normal"
  },
  {
    "name": "History",
    "image_name": "history",
    "filter": "History",
    "type": "normal"
  },
  {
    "name": "Humanities",
    "image_name": "humanities",
    "filter": "Humanities",
    "type": "popular"
  },
  {
    "name": "Language",
    "image_name": "language",
    "filter": "Language",
    "type": "popular"
  },
  {
    "name": "Law",
    "image_name": "law",
    "filter": "Law",
    "type": "normal"
  },
  {
    "name": "Literature",
    "image_name": "literature",
    "filter": "Literature",
    "type": "normal"
  },
  {
    "name": "Math",
    "image_name": "math",
    "filter": "Math",
    "type": "normal"
  },
  {
    "name": "Medicine",
    "image_name": "medicine",
    "filter": "Medicine",
    "type": "normal"
  },
  {
    "name": "Music",
    "image_name": "music",
    "filter": "Music",
    "type": "normal"
  },
  {
    "name": "Philosophy & Ethics",
    "image_name": "philosophy_ethics",
    "filter": "Philosophy & Ethics",
    "type": "normal"
  },
  {
    "name": "Physics",
    "image_name": "physics",
    "filter": "Physics",
    "type": "normal"
  },
  {
    "name": "Science",
    "image_name": "science",
    "filter": "Science",
    "type": "normal"
  },
  {
    "name": "Social Sciences",
    "image_name": "social_sciences",
    "filter": "Social Sciences",
    "type": "normal"
  }
]
