{
    "fields":[
    {
              "name" : "account_privacy",
              "label" : "其他学员可以看到我的：",
              "type" : "switch",
              "data_type" : "boolean",
              "options" : {
                "values" : [
                            { "name" : "完整资料", "value" : "all_users" },
                            { "name" : "部分资料",  "value" : "private" }
                 ]
              },
              "instructions" : "部分资料仅显示您的用户名和头像。",
              "accessibility_hint" : "变更可与其他人分享的信息。"
    },
    {
              "name" : "country",
              "label" : "位置",
              "type" : "select",
              "data_type" : "country",
              "options" : {
                "reference" : "countries",
                "allows_none" : true,
                "none_label" : "没有位置"
              }
    },
    {
              "name" : "language_proficiencies",
              "label" : "口语",
              "type" : "select",
              "data_type" : "language",
              "options" : {
                "reference" : "languages",
                "allows_none" : true,
                "none_label" : "没有口语"
              }
    },
    {
              "name" : "bio",
              "label" : "关于我",
              "type" : "textarea",
              "placeholder" : "我想要学习..."
    }
    ]
}
